k,gamma_k,description
1,14.134725,first Riemann zero
2,21.022040,
3,25.010858,
4,30.424876,
5,32.935062,
6,37.586178,
7,40.918720,
8,43.327073,
9,48.005151,
10,49.773832,
11,52.970321,
12,56.446248,
13,59.347044,
14,60.831779,
15,65.112544,fifteenth Riemann zero
